name,email,class_name
 Youssef  Ahmed , YOUSSEF.AHMED@example.com ,grade 1 a
Farida Mahmoud,farida.mahmoud@example.com, Grade  1 A 
"Adam, Karim",adam.karim@example.com,GRADE 1 A
youssef ahmed,youssef.ahmed@EXAMPLE.COM,Grade 1 A
Malak Adel,malak.adel@example.com,Grade 1 A
Lina Omar,lina.omar@example.com,Grade 1 B
Seif Mostafa,seif.mostafa@example.com,grade 1 b
Hana Tarek,hana.tarek@example.com,Grade 1 B
Ziad Khaled,ziad.khaled@example.com,Grade 1 B
Lina Omar,lina.omar@example.com,Grade 2 A
Nada Sameh,nada.sameh@example.com,Grade 2 A
Karim Emad,karim.emad@example.com,Grade 2 A
ملك أحمد,malak.arabic@example.com, Arabic  Club 
Amir Sherif,amir.sherif@example.com,Science Club
Jana Hossam,jana.hossam@example.com,science club
Ramy Fawzy,ramy.fawzy@example.com,Science Club
Nour Ahmed,nour.ahmed@example.com,Reading Group
Tala Magdy,tala.magdy@example.com,reading group
Hassan Ali,hassan.ali@example.com,Art Club
Dina Ashraf,dina.ashraf@example.com,Grade 9 Z
Kareem Sameh,kareem.sameh@example.com,Grade 1-A
 ,blank.name@example.com,Arabic Club
Aya Hesham,aya.hesham.example.com,Arabic Club
Mostafa Walid,,Grade 2 A
Heba Nabil,heba.nabil@example.com,
Rana Nabil,rana nabil@example.com,Grade 2 A
Aya Hesham,aya.hesham@example.com,Arabic Club
